Workbook

Sheet CREDITS
A7: CREDITS
A8: 00047930 Mitchell, Shantel N.
A9: TERM | B9: CREDITS | C9: UNDERGRAD CREDITS | D9: COMPASS CREDITS | E9: REPEATED CREDITS | F9: TOTAL TUITION CHARGED | G9: UNDERGRAD TUITION | H9: COMPASS CREDITS TUITION | I9: REPEATED CREDITS TUITION
A10: Sep 2011-Aug 2012: Semester 1 (201210) | B10: 6 | C10: =B10-D10 -> 6 | F10: =B10*300 -> 1800 | G10: =C10*300 -> 1800 | H10: =D10*300 -> 0 | I10: =E10*300 -> 0
A11: Sep 2011-Aug 2012: Semester 2 (201220) | B11: 9 | C11: =B11-D11 -> 9 | F11: =B11*300 -> 2700 | G11: =C11*300 -> 2700 | H11: =D11*300 -> 0 | I11: =E11*300 -> 0
A12: Sep 2012-Aug 2013: Semester 1 (201310) | B12: 6 | C12: =B12-D12 -> 6 | F12: =B12*300 -> 1800 | G12: =C12*300 -> 1800 | H12: =D12*300 -> 0 | I12: =E12*300 -> 0
A13: Sep 2012-Aug 2013: Semester 2 (201320) | C13: =B13-D13 -> 0 | F13: =B13*300 -> 0 | G13: =C13*300 -> 0 | H13: =D13*300 -> 0 | I13: =E13*300 -> 0
A14: Sep 2013- Aug 2014: Semester 1 (201410) | B14: 9 | C14: =B14-D14 -> 9 | F14: =B14*300 -> 2700 | G14: =C14*300 -> 2700 | H14: =D14*300 -> 0 | I14: =E14*300 -> 0
A15: Sep 2015- Aug 2016: Semester 1 (201610) | C15: =B15-D15 -> 0 | F15: =B15*300 -> 0 | G15: =C15*300 -> 0 | H15: =D15*300 -> 0 | I15: =E15*300 -> 0
A16: Sep 2015- Aug 2016: Semester 2 (201620) | C16: =B16-D16 -> 0 | F16: =B16*300 -> 0 | G16: =C16*300 -> 0 | H16: =D16*300 -> 0 | I16: =E16*300 -> 0
A17: Sep 2015- Aug 2016: Semester 3 (201630) | C17: =B17-D17 -> 0 | F17: =B17*300 -> 0 | G17: =C17*300 -> 0 | H17: =D17*300 -> 0 | I17: =E17*300 -> 0
A18: Sep 2016- Aug 2017: Semester 1 (201710) | C18: =B18-D18 -> 0 | F18: =B18*300 -> 0 | G18: =C18*300 -> 0 | H18: =D18*300 -> 0 | I18: =E18*300 -> 0
A19: Sep 2016- Aug 2017: Semester 2 (201720) | C19: =B19-D19 -> 0 | F19: =B19*300 -> 0 | G19: =C19*300 -> 0 | H19: =D19*300 -> 0 | I19: =E19*300 -> 0
A20: Sep 2016- Aug 2017: Semester 3 (201730) | C20: =B20-D20 -> 0 | F20: =B20*300 -> 0 | G20: =C20*300 -> 0 | H20: =D20*300 -> 0 | I20: =E20*300 -> 0
A21: Sep 2017- Aug 2018: Semester 1 (201810) | C21: =B21-D21 -> 0 | F21: =B21*300 -> 0 | G21: =C21*300 -> 0 | H21: =D21*300 -> 0 | I21: =E21*300 -> 0
A22: Sep 2017- Aug 2018: Semester 2 (201820) | C22: =B22-D22 -> 0 | F22: =B22*300 -> 0 | G22: =C22*300 -> 0 | H22: =D22*300 -> 0 | I22: =E22*300 -> 0
A23: Sep 2017- Aug 2018: Semester 3 (201830) | C23: =B23-D23 -> 0 | F23: =B23*300 -> 0 | G23: =C23*300 -> 0 | H23: =D23*300 -> 0 | I23: =E23*300 -> 0
A24: Sep 2018- Aug 2019: Semester 1 (201910) | C24: =B24-D24 -> 0 | F24: =B24*300 -> 0 | G24: =C24*300 -> 0 | H24: =D24*300 -> 0 | I24: =E24*300 -> 0
A25: Sep 2018- Aug 2019: Semester 2 (201920) | C25: =B25-D25 -> 0 | F25: =B25*300 -> 0 | G25: =C25*300 -> 0 | H25: =D25*300 -> 0 | I25: =E25*300 -> 0
A26: Sep 2018- Aug 2019: Semester 3 (201930) | C26: =B26-D26 -> 0 | F26: =B26*300 -> 0 | G26: =C26*300 -> 0 | H26: =D26*300 -> 0 | I26: =E26*300 -> 0
... A32: Sep 2021- Aug 2022: Semester 2 (202220) | C32: =B32-D32 -> 0 | F32: =B32*300 -> 0 | G32: =C32*300 -> 0 | H32: =D32*300 -> 0 | I32: =E32*300 -> 0
A33: TOTAL | B33: =SUM(B10:B32) -> 30 | F33: =SUM(F10:F32) -> 9000 | G33: =SUM(G10:G32) -> 9000 | H33: =SUM(H10:H32) -> 0 | I33: =SUM(I10:I32) -> 0 | K33: ='QUICK GRID'!L26 -> 0
A36: Confirmed By: CMBirwar 2nd June 2022

Sheet GATE
A7: GATE
A8: =CREDITS!$A$8 -> 00047930 Mitchell, Shantel N.
A9: TERM | B9: MEANS RATE | C9: TOTAL TUITION CHARGED | D9: GATE CONTRIBUTION | E9: TUITION PAID BY GATE | F9: GATE STATUS | G9: =CREDITS!G9 -> UNDERGRAD TUITION | H9: =CREDITS!I9 -> REPEATED CREDITS TUITION
A10: =CREDITS!A10 -> Sep 2011-Aug 2012: Semester 1 (201210) | B10: 1 | C10: =CREDITS!F10 -> 1800 | D10: =((G10-H10)*(1*B10)) -> 1800 | E10: 1800 | F10: Finance Approved | G10: =CREDITS!G10 -> 1800 | H10: =CREDITS!I10 -> 0
A11: =CREDITS!A11 -> Sep 2011-Aug 2012: Semester 2 (201220) | B11: 1 | C11: =CREDITS!F11 -> 2700 | D11: =((G11-H11)*(1*B11)) -> 2700 | E11: 2700 | F11: Finance Approved | G11: =CREDITS!G11 -> 2700 | H11: =CREDITS!I11 -> 0
A12: =CREDITS!A12 -> Sep 2012-Aug 2013: Semester 1 (201310) | B12: 1 | C12: =CREDITS!F12 -> 1800 | D12: 0 | F12: Payment Required | G12: =CREDITS!G12 -> 1800 | H12: =CREDITS!I12 -> 0
A13: =CREDITS!A13 -> Sep 2012-Aug 2013: Semester 2 (201320) | B13: 1 | C13: =CREDITS!F13 -> 0 | D13: =((G13-H13)*(1*B13)) -> 0 | G13: =CREDITS!G13 -> 0 | H13: =CREDITS!I13 -> 0
A14: =CREDITS!A14 -> Sep 2013- Aug 2014: Semester 1 (201410) | B14: 1 | C14: =CREDITS!F14 -> 2700 | D14: 0 | F14: Payment Required | G14: =CREDITS!G14 -> 2700 | H14: =CREDITS!I14 -> 0
A15: =CREDITS!A15 -> Sep 2015- Aug 2016: Semester 1 (201610) | B15: 1 | C15: =CREDITS!F15 -> 0 | D15: =((G15-H15)*(1*B15)) -> 0 | G15: =CREDITS!G15 -> 0 | H15: =CREDITS!I15 -> 0
A16: =CREDITS!A16 -> Sep 2015- Aug 2016: Semester 2 (201620) | B16: 1 | C16: =CREDITS!F16 -> 0 | D16: =((G16-H16)*(1*B16)) -> 0 | G16: =CREDITS!G16 -> 0 | H16: =CREDITS!I16 -> 0
A17: =CREDITS!A17 -> Sep 2015- Aug 2016: Semester 3 (201630) | B17: 1 | C17: =CREDITS!F17 -> 0 | D17: =((G17-H17)*(1*B17)) -> 0 | G17: =CREDITS!G17 -> 0 | H17: =CREDITS!I17 -> 0
A18: =CREDITS!A18 -> Sep 2016- Aug 2017: Semester 1 (201710) | B18: 1 | C18: =CREDITS!F18 -> 0 | D18: =((G18-H18)*(1*B18)) -> 0 | G18: =CREDITS!G18 -> 0 | H18: =CREDITS!I18 -> 0
A19: =CREDITS!A19 -> Sep 2016- Aug 2017: Semester 2 (201720) | B19: 1 | C19: =CREDITS!F19 -> 0 | D19: =((G19-H19)*(1*B19)) -> 0 | G19: =CREDITS!G19 -> 0 | H19: =CREDITS!I19 -> 0
A20: =CREDITS!A20 -> Sep 2016- Aug 2017: Semester 3 (201730) | B20: 1 | C20: =CREDITS!F20 -> 0 | D20: =((G20-H20)*(1*B20)) -> 0 | G20: =CREDITS!G20 -> 0 | H20: =CREDITS!I20 -> 0
A21: =CREDITS!A21 -> Sep 2017- Aug 2018: Semester 1 (201810) | B21: 1 | C21: =CREDITS!F21 -> 0 | D21: =((G21-H21)*(1*B21)) -> 0 | G21: =CREDITS!G21 -> 0 | H21: =CREDITS!I21 -> 0
A22: =CREDITS!A22 -> Sep 2017- Aug 2018: Semester 2 (201820) | B22: 1 | C22: =CREDITS!F22 -> 0 | D22: =((G22-H22)*(1*B22)) -> 0 | G22: =CREDITS!G22 -> 0 | H22: =CREDITS!I22 -> 0
A23: =CREDITS!A23 -> Sep 2017- Aug 2018: Semester 3 (201830) | B23: 1 | C23: =CREDITS!F23 -> 0 | D23: =((G23-H23)*(1*B23)) -> 0 | G23: =CREDITS!G23 -> 0 | H23: =CREDITS!I23 -> 0
A24: =CREDITS!A24 -> Sep 2018- Aug 2019: Semester 1 (201910) | B24: 1 | C24: =CREDITS!F24 -> 0 | D24: =((G24-H24)*(1*B24)) -> 0 | G24: =CREDITS!G24 -> 0 | H24: =CREDITS!I24 -> 0
A25: =CREDITS!A25 -> Sep 2018- Aug 2019: Semester 2 (201920) | B25: 1 | C25: =CREDITS!F25 -> 0 | D25: =((G25-H25)*(1*B25)) -> 0 | G25: =CREDITS!G25 -> 0 | H25: =CREDITS!I25 -> 0
A26: =CREDITS!A26 -> Sep 2018- Aug 2019: Semester 3 (201930) | B26: 1 | C26: =CREDITS!F26 -> 0 | D26: =((G26-H26)*(1*B26)) -> 0 | G26: =CREDITS!G26 -> 0 | H26: =CREDITS!I26 -> 0
... A32: =CREDITS!A32 -> Sep 2021- Aug 2022: Semester 2 (202220) | B32: 1 | C32: =CREDITS!F32 -> 0 | D32: =((G32-H32)*(1*B32)) -> 0 | G32: =CREDITS!G32 -> 0 | H32: =CREDITS!I32 -> 0
A33: TOTAL | C33: =CREDITS!F33 -> 9000 | G33: =CREDITS!G33 -> 9000 | H33: =CREDITS!I33 -> 0
A36: =CREDITS!$A$36 -> Confirmed By: CMBirwar 2nd June 2022

Sheet BANNER
A7: BANNER
A8: =CREDITS!$A$8 -> 00047930 Mitchell, Shantel N.
A9: TERM | B9: TOTAL TUITION CHARGED | C9: =GATE!D9 -> GATE CONTRIBUTION | D9: UNPAID COLLEGE FEES | E9: TUITION PAID BY STUDENT
A10: =CREDITS!A10 -> Sep 2011-Aug 2012: Semester 1 (201210) | B10: =CREDITS!F10 -> 1800 | C10: =GATE!D10 -> 1800
A11: =CREDITS!A11 -> Sep 2011-Aug 2012: Semester 2 (201220) | B11: =CREDITS!F11 -> 2700 | C11: =GATE!D11 -> 2700
A12: =CREDITS!A12 -> Sep 2012-Aug 2013: Semester 1 (201310) | B12: =CREDITS!F12 -> 1800 | C12: =GATE!D12 -> 0
A13: =CREDITS!A13 -> Sep 2012-Aug 2013: Semester 2 (201320) | B13: =CREDITS!F13 -> 0 | C13: =GATE!D13 -> 0
A14: =CREDITS!A14 -> Sep 2013- Aug 2014: Semester 1 (201410) | B14: =CREDITS!F14 -> 2700 | C14: =GATE!D14 -> 0
A15: =CREDITS!A15 -> Sep 2015- Aug 2016: Semester 1 (201610) | B15: =CREDITS!F15 -> 0 | C15: =GATE!D15 -> 0
A16: =CREDITS!A16 -> Sep 2015- Aug 2016: Semester 2 (201620) | B16: =CREDITS!F16 -> 0 | C16: =GATE!D16 -> 0
A17: =CREDITS!A17 -> Sep 2015- Aug 2016: Semester 3 (201630) | B17: =CREDITS!F17 -> 0 | C17: =GATE!D17 -> 0
A18: =CREDITS!A18 -> Sep 2016- Aug 2017: Semester 1 (201710) | B18: =CREDITS!F18 -> 0 | C18: =GATE!D18 -> 0
A19: =CREDITS!A19 -> Sep 2016- Aug 2017: Semester 2 (201720) | B19: =CREDITS!F19 -> 0 | C19: =GATE!D19 -> 0
A20: =CREDITS!A20 -> Sep 2016- Aug 2017: Semester 3 (201730) | B20: =CREDITS!F20 -> 0 | C20: =GATE!D20 -> 0
A21: =CREDITS!A21 -> Sep 2017- Aug 2018: Semester 1 (201810) | B21: =CREDITS!F21 -> 0 | C21: =GATE!D21 -> 0
... A32: =CREDITS!A32 -> Sep 2021- Aug 2022: Semester 2 (202220) | B32: =CREDITS!F32 -> 0 | C32: =GATE!D32 -> 0
A33: TOTAL | B33: =CREDITS!F33 -> 9000 | G33: ='QUICK GRID'!L26 -> 0
A36: =CREDITS!$A$36 -> Confirmed By: CMBirwar 2nd June 2022

Sheet SUMMARY
A7: CREDITS
A8: =CREDITS!$A$8 -> 00047930 Mitchell, Shantel N.
A9: TERM | B9: UNPAID BY GATE | C9: UNPAID BY STUDENT | D9: STATUS | E9: COMMENTS
A10: =CREDITS!A10 -> Sep 2011-Aug 2012: Semester 1 (201210) | B10: ='QUICK GRID'!M3 -> 0 | C10: ='QUICK GRID'!N3 -> 0 | D10: =GATE!F10 -> Finance Approved
A11: =CREDITS!A11 -> Sep 2011-Aug 2012: Semester 2 (201220) | B11: ='QUICK GRID'!M4 -> 0 | C11: ='QUICK GRID'!N4 -> 0 | D11: =GATE!F11 -> Finance Approved
A12: =CREDITS!A12 -> Sep 2012-Aug 2013: Semester 1 (201310) | B12: ='QUICK GRID'!M5 -> 0 | C12: ='QUICK GRID'!N5 -> 1800 | D12: =GATE!F12 -> Payment Required | E12: low GPA / student not GATE funded
A13: =CREDITS!A13 -> Sep 2012-Aug 2013: Semester 2 (201320) | B13: ='QUICK GRID'!M6 -> 0 | C13: ='QUICK GRID'!N6 -> 0 | D13: =GATE!F13 -> 0
A14: =CREDITS!A14 -> Sep 2013- Aug 2014: Semester 1 (201410) | B14: ='QUICK GRID'!M7 -> 0 | C14: ='QUICK GRID'!N7 -> 2700 | D14: =GATE!F14 -> Payment Required | E14: low GPA / student not GATE funded
A15: =CREDITS!A15 -> Sep 2015- Aug 2016: Semester 1 (201610) | B15: ='QUICK GRID'!M8 -> 0 | C15: ='QUICK GRID'!N8 -> 0 | D15: =GATE!F15 -> 0
A16: =CREDITS!A16 -> Sep 2015- Aug 2016: Semester 2 (201620) | B16: ='QUICK GRID'!M9 -> 0 | C16: ='QUICK GRID'!N9 -> 0 | D16: =GATE!F16 -> 0
A17: =CREDITS!A17 -> Sep 2015- Aug 2016: Semester 3 (201630) | B17: ='QUICK GRID'!M10 -> 0 | C17: ='QUICK GRID'!N10 -> 0 | D17: =GATE!F17 -> 0
A18: =CREDITS!A18 -> Sep 2016- Aug 2017: Semester 1 (201710) | B18: ='QUICK GRID'!M11 -> 0 | C18: ='QUICK GRID'!N11 -> 0 | D18: =GATE!F18 -> 0
A19: =CREDITS!A19 -> Sep 2016- Aug 2017: Semester 2 (201720) | B19: ='QUICK GRID'!M12 -> 0 | C19: ='QUICK GRID'!N12 -> 0 | D19: =GATE!F19 -> 0
A20: =CREDITS!A20 -> Sep 2016- Aug 2017: Semester 3 (201730) | B20: ='QUICK GRID'!M13 -> 0 | C20: ='QUICK GRID'!N13 -> 0 | D20: =GATE!F20 -> 0
A21: =CREDITS!A21 -> Sep 2017- Aug 2018: Semester 1 (201810) | B21: ='QUICK GRID'!M14 -> 0 | C21: ='QUICK GRID'!N14 -> 0 | D21: =GATE!F21 -> 0
A22: =CREDITS!A22 -> Sep 2017- Aug 2018: Semester 2 (201820) | B22: ='QUICK GRID'!M15 -> 0 | C22: ='QUICK GRID'!N15 -> 0 | D22: =GATE!F22 -> 0
A23: =CREDITS!A23 -> Sep 2017- Aug 2018: Semester 3 (201830) | B23: ='QUICK GRID'!M16 -> 0 | C23: ='QUICK GRID'!N16 -> 0 | D23: =GATE!F23 -> 0
A24: =CREDITS!A24 -> Sep 2018- Aug 2019: Semester 1 (201910) | B24: ='QUICK GRID'!M17 -> 0 | C24: ='QUICK GRID'!N17 -> 0 | D24: =GATE!F24 -> 0
A25: =CREDITS!A25 -> Sep 2018- Aug 2019: Semester 2 (201920) | B25: ='QUICK GRID'!M18 -> 0 | C25: ='QUICK GRID'!N18 -> 0 | D25: =GATE!F25 -> 0
A26: =CREDITS!A26 -> Sep 2018- Aug 2019: Semester 3 (201930) | B26: ='QUICK GRID'!M19 -> 0 | C26: ='QUICK GRID'!N19 -> 0 | D26: =GATE!F26 -> 0
... A32: =CREDITS!A32 -> Sep 2021- Aug 2022: Semester 2 (202220) | B32: ='QUICK GRID'!M25 -> 0 | C32: ='QUICK GRID'!N25 -> 0 | D32: =GATE!F32 -> 0
A33: TOTAL | B33: =SUM(B10:B32) -> 0 | C33: =SUM(C10:C32) -> 4500 | D33: ='QUICK GRID'!L26 -> 0
A36: =CREDITS!$A$36 -> Confirmed By: CMBirwar 2nd June 2022

Sheet QUICK GRID
A2: TERM | B2: CREDITS | C2: UNDERGRAD CREDITS | D2: COMPASS CREDITS | E2: REPEATED CREDITS | F2: MEANS RATE | G2: TOTAL TUITION CHARGED | H2: GATE CONTRIBUTION | I2: TUITION PAID BY GATE | J2: TUITION PAID BY STUDENT | K2: UNPAID COLLEGE FEES | L2: COMMENTS AND TOTAL OUTSTANDING | M2: TOTAL TO BE PAID BY GATE | N2: TOTAL TO BE PAID BY STUDENT | O2: UNDERGRAD TUITION | P2: COMPASS CREDITS TUITION | Q2: REPEATED CREDITS TUITION
A3: =CREDITS!A10 -> Sep 2011-Aug 2012: Semester 1 (201210) | B3: =CREDITS!B10 -> 6 | C3: =CREDITS!C10 -> 6 | D3: =CREDITS!D10 -> 0 | E3: =CREDITS!E10 -> 0 | F3: =GATE!B10 -> 1 | G3: =CREDITS!F10 -> 1800 | H3: =GATE!D10 -> 1800 | I3: =GATE!E10 -> 1800 | J3: =BANNER!E10 -> 0 | K3: =BANNER!D10 -> 0 | M3: =H3-I3 -> 0 | N3: =G3-H3-J3+K3 -> 0 | O3: =CREDITS!G10 -> 1800 | P3: =CREDITS!H10 -> 0 | Q3: =CREDITS!I10 -> 0
A4: =CREDITS!A11 -> Sep 2011-Aug 2012: Semester 2 (201220) | B4: =CREDITS!B11 -> 9 | C4: =CREDITS!C11 -> 9 | D4: =CREDITS!D11 -> 0 | E4: =CREDITS!E11 -> 0 | F4: =GATE!B11 -> 1 | G4: =CREDITS!F11 -> 2700 | H4: =GATE!D11 -> 2700 | I4: =GATE!E11 -> 2700 | J4: =BANNER!E11 -> 0 | K4: =BANNER!D11 -> 0 | M4: =H4-I4 -> 0 | N4: =G4-H4-J4+K4 -> 0 | O4: =CREDITS!G11 -> 2700 | P4: =CREDITS!H11 -> 0 | Q4: =CREDITS!I11 -> 0
A5: =CREDITS!A12 -> Sep 2012-Aug 2013: Semester 1 (201310) | B5: =CREDITS!B12 -> 6 | C5: =CREDITS!C12 -> 6 | D5: =CREDITS!D12 -> 0 | E5: =CREDITS!E12 -> 0 | F5: =GATE!B12 -> 1 | G5: =CREDITS!F12 -> 1800 | H5: =GATE!D12 -> 0 | I5: =GATE!E12 -> 0 | J5: =BANNER!E12 -> 0 | K5: =BANNER!D12 -> 0 | M5: =H5-I5 -> 0 | N5: =G5-H5-J5+K5 -> 1800 | O5: =CREDITS!G12 -> 1800 | P5: =CREDITS!H12 -> 0 | Q5: =CREDITS!I12 -> 0
A6: =CREDITS!A13 -> Sep 2012-Aug 2013: Semester 2 (201320) | B6: =CREDITS!B13 -> 0 | C6: =CREDITS!C13 -> 0 | D6: =CREDITS!D13 -> 0 | E6: =CREDITS!E13 -> 0 | F6: =GATE!B13 -> 1 | G6: =CREDITS!F13 -> 0 | H6: =GATE!D13 -> 0 | I6: =GATE!E13 -> 0 | J6: =BANNER!E13 -> 0 | K6: =BANNER!D13 -> 0 | M6: =H6-I6 -> 0 | N6: =G6-H6-J6+K6 -> 0 | O6: =CREDITS!G13 -> 0 | P6: =CREDITS!H13 -> 0 | Q6: =CREDITS!I13 -> 0
A7: =CREDITS!A14 -> Sep 2013- Aug 2014: Semester 1 (201410) | B7: =CREDITS!B14 -> 9 | C7: =CREDITS!C14 -> 9 | D7: =CREDITS!D14 -> 0 | E7: =CREDITS!E14 -> 0 | F7: =GATE!B14 -> 1 | G7: =CREDITS!F14 -> 2700 | H7: =GATE!D14 -> 0 | I7: =GATE!E14 -> 0 | J7: =BANNER!E14 -> 0 | K7: =BANNER!D14 -> 0 | M7: =H7-I7 -> 0 | N7: =G7-H7-J7+K7 -> 2700 | O7: =CREDITS!G14 -> 2700 | P7: =CREDITS!H14 -> 0 | Q7: =CREDITS!I14 -> 0
A8: =CREDITS!A15 -> Sep 2015- Aug 2016: Semester 1 (201610) | B8: =CREDITS!B15 -> 0 | C8: =CREDITS!C15 -> 0 | D8: =CREDITS!D15 -> 0 | E8: =CREDITS!E15 -> 0 | F8: =GATE!B15 -> 1 | G8: =CREDITS!F15 -> 0 | H8: =GATE!D15 -> 0 | I8: =GATE!E15 -> 0 | J8: =BANNER!E15 -> 0 | K8: =BANNER!D15 -> 0 | M8: =H8-I8 -> 0 | N8: =G8-H8-J8+K8 -> 0 | O8: =CREDITS!G15 -> 0 | P8: =CREDITS!H15 -> 0 | Q8: =CREDITS!I15 -> 0
A9: =CREDITS!A16 -> Sep 2015- Aug 2016: Semester 2 (201620) | B9: =CREDITS!B16 -> 0 | C9: =CREDITS!C16 -> 0 | D9: =CREDITS!D16 -> 0 | E9: =CREDITS!E16 -> 0 | F9: =GATE!B16 -> 1 | G9: =CREDITS!F16 -> 0 | H9: =GATE!D16 -> 0 | I9: =GATE!E16 -> 0 | J9: =BANNER!E16 -> 0 | K9: =BANNER!D16 -> 0 | M9: =H9-I9 -> 0 | N9: =G9-H9-J9+K9 -> 0 | O9: =CREDITS!G16 -> 0 | P9: =CREDITS!H16 -> 0 | Q9: =CREDITS!I16 -> 0
A10: =CREDITS!A17 -> Sep 2015- Aug 2016: Semester 3 (201630) | B10: =CREDITS!B17 -> 0 | C10: =CREDITS!C17 -> 0 | D10: =CREDITS!D17 -> 0 | E10: =CREDITS!E17 -> 0 | F10: =GATE!B17 -> 1 | G10: =CREDITS!F17 -> 0 | H10: =GATE!D17 -> 0 | I10: =GATE!E17 -> 0 | J10: =BANNER!E17 -> 0 | K10: =BANNER!D17 -> 0 | M10: =H10-I10 -> 0 | N10: =G10-H10-J10+K10 -> 0 | O10: =CREDITS!G17 -> 0 | P10: =CREDITS!H17 -> 0 | Q10: =CREDITS!I17 -> 0
A11: =CREDITS!A18 -> Sep 2016- Aug 2017: Semester 1 (201710) | B11: =CREDITS!B18 -> 0 | C11: =CREDITS!C18 -> 0 | D11: =CREDITS!D18 -> 0 | E11: =CREDITS!E18 -> 0 | F11: =GATE!B18 -> 1 | G11: =CREDITS!F18 -> 0 | H11: =GATE!D18 -> 0 | I11: =GATE!E18 -> 0 | J11: =BANNER!E18 -> 0 | K11: =BANNER!D18 -> 0 | M11: =H11-I11 -> 0 | N11: =G11-H11-J11+K11 -> 0 | O11: =CREDITS!G18 -> 0 | P11: =CREDITS!H18 -> 0 | Q11: =CREDITS!I18 -> 0
A12: =CREDITS!A19 -> Sep 2016- Aug 2017: Semester 2 (201720) | B12: =CREDITS!B19 -> 0 | C12: =CREDITS!C19 -> 0 | D12: =CREDITS!D19 -> 0 | E12: =CREDITS!E19 -> 0 | F12: =GATE!B19 -> 1 | G12: =CREDITS!F19 -> 0 | H12: =GATE!D19 -> 0 | I12: =GATE!E19 -> 0 | J12: =BANNER!E19 -> 0 | K12: =BANNER!D19 -> 0 | M12: =H12-I12 -> 0 | N12: =G12-H12-J12+K12 -> 0 | O12: =CREDITS!G19 -> 0 | P12: =CREDITS!H19 -> 0 | Q12: =CREDITS!I19 -> 0
A13: =CREDITS!A20 -> Sep 2016- Aug 2017: Semester 3 (201730) | B13: =CREDITS!B20 -> 0 | C13: =CREDITS!C20 -> 0 | D13: =CREDITS!D20 -> 0 | E13: =CREDITS!E20 -> 0 | F13: =GATE!B20 -> 1 | G13: =CREDITS!F20 -> 0 | H13: =GATE!D20 -> 0 | I13: =GATE!E20 -> 0 | J13: =BANNER!E20 -> 0 | K13: =BANNER!D20 -> 0 | M13: =H13-I13 -> 0 | N13: =G13-H13-J13+K13 -> 0 | O13: =CREDITS!G20 -> 0 | P13: =CREDITS!H20 -> 0 | Q13: =CREDITS!I20 -> 0
A14: =CREDITS!A21 -> Sep 2017- Aug 2018: Semester 1 (201810) | B14: =CREDITS!B21 -> 0 | C14: =CREDITS!C21 -> 0 | D14: =CREDITS!D21 -> 0 | E14: =CREDITS!E21 -> 0 | F14: =GATE!B21 -> 1 | G14: =CREDITS!F21 -> 0 | H14: =GATE!D21 -> 0 | I14: =GATE!E21 -> 0 | J14: =BANNER!E21 -> 0 | K14: =BANNER!D21 -> 0 | M14: =H14-I14 -> 0 | N14: =G14-H14-J14+K14 -> 0 | O14: =CREDITS!G21 -> 0 | P14: =CREDITS!H21 -> 0 | Q14: =CREDITS!I21 -> 0
... A25: =CREDITS!A32 -> Sep 2021- Aug 2022: Semester 2 (202220) | B25: =CREDITS!B32 -> 0 | C25: =CREDITS!C32 -> 0 | D25: =CREDITS!D32 -> 0 | E25: =CREDITS!E32 -> 0 | F25: =GATE!B32 -> 1 | G25: =CREDITS!F32 -> 0 | H25: =GATE!D32 -> 0 | I25: =GATE!E32 -> 0 | J25: =BANNER!E32 -> 0 | K25: =BANNER!D32 -> 0 | M25: =H25-I25 -> 0 | N25: =G25-H25-J25+K25 -> 0 | O25: =CREDITS!G32 -> 0 | P25: =CREDITS!H32 -> 0 | Q25: =CREDITS!I32 -> 0
A26: TOTAL | B26: =SUM(B3:B25) -> 30 | C26: =SUM(C3:C25) -> 30 | D26: =SUM(D3:D25) -> 0 | E26: =SUM(E3:E25) -> 0 | G26: =CREDITS!F33 -> 9000 | I26: =GATE!E33 -> 0 | J26: =SUM(J3:J25) -> 0 | K26: =SUM(K3:K25) -> 0 | M26: =SUM(M3:M25) -> 0 | N26: =SUM(N3:N25) -> 4500 | O26: =CREDITS!G33 -> 9000 | P26: =CREDITS!H33 -> 0 | Q26: =CREDITS!I33 -> 0
A27: =CREDITS!$A$36 -> Confirmed By: CMBirwar 2nd June 2022

Sheet Status
A1: Assignment Setup | D1: < TO DO LIST
A2: The data in the table below supplies the available choices for the Assigned To field. You can modify the entries or add new entries to customize this workbook to fit your needs.
A3: COMMENTS AND TOTAL OUTSTANDING
A4: Finance Approved
A5: Gate Processing
A6: Payment Required
A7: Clearance Approved
A8: Student Paid
A9: Signed
A10: Application Required
A11: Applied
A12: Cancelled
A13: Clearance Rejected
... A17: Means Confirmed
